username;date;retweets;favorites;text;geo;mentions;hashtags;id;permalink
;2019-02-25 15:50;0;0;"รอจกป็อบคอร์น #เลือกตั้ง2562 #รวมพลังประชาชาติไทย #ฟ้ารักพ่อ https://www. facebook.com/28632633872569 9/posts/293142248044108/?sfnsn=mo … pic.twitter.com/ZpYIG01ul1";;;#เล #รวมพล #ฟ;"1099954769072812033";https://twitter.com/Sonans_5603/status/1099954769072812033
;2019-02-25 08:14;0;0;"เรียนเชิญทุกท่าน vote เลือก "พรรคการเมือง" ในดวงใจ เพื่อใช้เป็นตัวชี้วัด "ความน่าเชื่อถือ" ของสำนักโพลต่างๆ (3) #เลือกตั้ง #เลือกตั้ง62 #เลือกตั้งปี62 #เลือกตั้ง2562 #เลือกตั้งประเทศไทย2562 #ชาติพัฒนา #ประชาชาติ #รวมพลังประชาชาติไทย #ไทยศรีวิไลย์ #ThailandElection #ประชาธิปไตย";;;#เล #เล #เล #เล #เล #ชาต #ประชาชาต #รวมพล #ไทยศร #ThailandElection #ประชาธ;"1099839956455874560";https://twitter.com/AsimBKK/status/1099839956455874560
;2019-02-25 00:08;0;2;"ก่อนจะมีลูกควรมีความพร้อมก่อนนะ #เลือกตั้งประเทศไทย2562 #ประชาธิปัตย์ #เพื่อไทย #อนาคตใหม่ #ประชาชนปฏิรูป #เพื่อชาติ #รวมพลังประชาชาติไทย #เลือกตั้ง2562 https:// twitter.com/jmark_2204/sta tus/1099653378831933440 …";;;#เล #ประชาธ #เพ #อนาคตใหม #ประชาชนปฏ #เพ #รวมพล #เล;"1099717764728598528";https://twitter.com/11Midao/status/1099717764728598528
;2019-02-24 19:23;0;1;"ดูลีลา"ลุงกำนัน"ขวัญใจ"ชาวนกหวีด"หาเสียงที่ระแงะ นราธิวาส ยังย้ำไม่พรรคฯในระบอบทักษิณ #รวมพลังประชาชาติไทย #ลุงกำนัน #เลือกตั้ง62 #เลือกตั้ง2562 #นราธิวาส pic.twitter.com/Tqpq7duVSn";;;#รวมพล #ล #เล #เล #นราธ;"1099645885917495297";https://twitter.com/prasitchai_k/status/1099645885917495297
;2019-02-24 18:56;0;0;"ตั้งแบบนี้ คนใช้รถเมล์เขามองไม่เห็น บังหมด แก้ไขหน่อยก็ดีนะ #รวมพลังประชาชาติไทย pic.twitter.com/FIZQRH3bca";;;#รวมพล;"1099639306098896896";https://twitter.com/Kwonputte/status/1099639306098896896
;2019-02-24 12:31;2;1;"มีความมุ้งมิ้ง ผู้สมัคร รปช. แจกความสดใส สวมชุดแมวหาเสียง ชูนโยบายใส่ใจสัตว์เลี้ยง https:// hilight.kapook.com/view/184379 #รวมพลังประชาชาติไทย #เลือกตั้ง62 #เลือกตั้ง2562 #ข่าวการเมือง #ข่าววันนี้ #kapook";;;#รวมพล #เล #เล #ข #ข #kapook;"1099542190483599360";https://twitter.com/kapookdotcom/status/1099542190483599360
;2019-02-24 12:19;0;2;"ถ้าเกมพลิก #รวมพลังประชาชาติไทย ได้เป็นแกนนำจัดตั้งรัฐบาลแล้วชู สุเทพ เป็นนายก ประเทศชาติจะเป็นยังไง #เลือกตั้ง62";;;#รวมพล #เล;"1099539166981906438";https://twitter.com/naipeet/status/1099539166981906438
;2019-02-23 18:48;0;0;"พี่อาย-อนุสรี ทับสุวรรณ ผอ.พรรค #รวมพลังประชาชาติไทย เชิญชวนชาว ภาษีเจริญและตลิ่งชัน พิจารณาคนดี คนธรรมดาที่อาสาทำงานสร้างชาติ นักการเงินคนนี้ กชพงศ์ โรจน์ไพศาลกิจ เบอร์ 14 เขต29 ภาษีเจริญ ตลิ่งชัน #คนธรรมดาสร้างชาติ #PK pic.twitter.com/y2egnINkfu";;;#รวมพล #คนธรรมดาสร #PK;"1099274891189080064";https://twitter.com/Pimnara_pk/status/1099274891189080064
;2019-02-23 17:35;27;16;"live 2 พรรคนี่บรรยากาศต่างมาก อันนึงพูดถึงนโนบายแลกเปลี่ยนกับคนมาฟัง อีกอันนี่ยังดูไบทักษิณเสื้อแดงโกงๆๆๆรัวๆ หน้าป้าแบบอยากกลับบ้านมาก แต่ก็มีกลุ่มเป้าหมายต่างกันอ่ะนะ 55 #เลือกตั้ง62 #futurista #อนาคตใหม่ #รวมพลังประชาชาติไทย pic.twitter.com/T07tsVqBWe";;;#เล #futurista #อนาคตใหม #รวมพล;"1099256359487451136";https://twitter.com/ZORAMARUY/status/1099256359487451136
;2019-02-23 15:48;0;2;"จะรุ่นใหม่หรือรุ่นเก๋า ก็ลองคลิกเข้าไปอ่านโลด!!! " #สุเทพ " คารวะเหล่าคนดัง ยอมถูกด่าเพราะ "รักชาติ"หลังโพสต์เตือนสติรุ่นใหม่ อ้างรัฐประหารปี 57 เป็นกรรมจากระบอบทักษิณ แต่มวลมหาประชาชนต้องกลายเป็นจำเลย คลิกอ่านข่าว : https:// s.ch7.com/328256 #เลือกตั้ง2562 #รวมพลังประชาชาติไทย pic.twitter.com/F3xn7n42Lv";;;#ส #เล #รวมพล;"1099229584078192640";https://twitter.com/Ch7HDNews/status/1099229584078192640
;2019-02-23 00:04;14;3;"นิติศาสตร์ จุฬาฯ จัดเสวนา เวที ฬ.จุฬาฯ นิติมิติ "นโยบายภาษีอากรเพื่อการพัฒนาประเทศ" #เลือกตั้ง62 โดย ผู้แทนจากพรรคการเมือง #ไทยรักษาชาติ #ไทยศรีวิไลย์ #ประชาชาติ #ประชาธิปัตย์ #พลังประชารัฐ #เพื่อไทย #ภูมิใจไทย #รวมพลังประชาชาติไทย #เสรีรวมไทย #อนาคตใหม่ 27 ก.พ. 8.30-12.30น. pic.twitter.com/62lOxclvCI";;;#เล #ไทยร #ไทยศร #ประชาชาต #ประชาธ #พล #เพ #ภ #รวมพล #เสร #อนาคตใหม;"1098991820376203265";https://twitter.com/rapee_cu/status/1098991820376203265
;2019-02-22 22:03;0;0;"หิวเมื่อไหร่ก็แวะมา... #เลือกตั้ง2562 #savethanathorn #รวมพลังประชาชาติไทย pic.twitter.com/9vbgM0EELc";;;#เล #savethanathorn #รวมพล;"1098961450796646400";https://twitter.com/fickout/status/1098961450796646400
;2019-02-22 21:27;30;11;"ไทยรัฐดีเบต+จอมขวัญ นี่คือ เวทีตัดสินนักการเมืองเลยนะ ถ้าทำได้ดีคือแจ้งเกิดเลย แมสเลยจ้า แต่ถ้าทำได้ไม่ดีคือดับแล้วดับเลย ไพบูลย์ เขตรัฐ จักร ดับไปแล้วใครจะเป็นรายต่อไปคะ ปรายตามองไปที่คุณประยึด #ไทยรัฐเลือกตั้ง62 #เลือกตั้ง2562 #รวมพลังประชาชาติไทย";;;#ไทยร #เล #รวมพล;"1098952510016970754";https://twitter.com/Pinny45/status/1098952510016970754
;2019-02-22 20:37;10;2;"ส่งหานังจักษ์5ใบได้ทางช่องทางไหนได้บ้าง? #ไทยรัฐเลือกตั้ง62 #ไทยรัฐดีเบต #เลือกตั้ง62 #รวมพลังประชาชาติไทย pic.twitter.com/EWpJB6awFd";;;#ไทยร #ไทยร #เล #รวมพล;"1098939858490281985";https://twitter.com/hengsuaycountry/status/1098939858490281985
;2019-02-22 19:25;9;14;""พรรคเราไม่เน้นดีเบต พรรคเราเน้นลงมือทำ" รศ.ดร.จักษ์ พันธ์ชูเพชร #รวมพลังประชาชาติไทย สดคลิก https:// bit.ly/2TaAQm2 #ไทยรัฐเลือกตั้ง62 #เลือกตั้ง62 #ไทยรัฐดีเบต pic.twitter.com/mCxupzpaPn";;;#รวมพล #ไทยร #เล #ไทยร;"1098921749641551873";https://twitter.com/Thairath_News/status/1098921749641551873
;2019-02-22 19:05;119;56;"ย้อนชม วิวาทะระหว่าง “รศ.ดร.จักษ์” จาก #รวมพลังประชาชาติไทย และ จตุพร พรหมพันธุ์ จาก #เพื่อชาติ สดคลิก https:// bit.ly/2TaAQm2 #ไทยรัฐเลือกตั้ง62 #เลือกตั้ง62 #ไทยรัฐดีเบต pic.twitter.com/RoGuxrJAis";;;#รวมพล #เพ #ไทยร #เล #ไทยร;"1098916617159766018";https://twitter.com/Thairath_News/status/1098916617159766018
;2019-02-22 18:46;1;1;"#อิหยังวะ ทุกครั้งที่ตัดไปที่จักร5ใบ #ไทยรัฐเลือกตั้ง62 #ไทยรัฐดีเบต #เลือกตั้ง62 #รวมพลังประชาชาติไทย pic.twitter.com/jaP0jK4PHO";;;#อ #ไทยร #ไทยร #เล #รวมพล;"1098911895489146881";https://twitter.com/hengsuaycountry/status/1098911895489146881
;2019-02-22 18:40;701;170;"GU ASK REAL EDOK JAK 5 PARINYAS? "คำว่ารัฐประหาร ไม่ใช่เผด็จการ" ตำราบ้านพ่องมึงเหรอ เผด็จการแบ่งเป็น2ประเภท เผด็จการรัฐสภา กับเผด็จการทหาร อิหยังวะ???? #จักร5ใบ #ไทยรัฐเลือกตั้ง62 #ไทยรัฐดีเบต #เลือกตั้ง62 #รวมพลังประชาชาติไทย pic.twitter.com/G830ocMhS5";;;#จ #ไทยร #ไทยร #เล #รวมพล;"1098910386835775488";https://twitter.com/hengsuaycountry/status/1098910386835775488
;2019-02-22 17:08;2;5;"ยื่นยุบ 12 พรรคการเมือง ชี้ ทำผิดกฎหมายเลือกตั้ง นำโดย #รวมพลังประชาชาติไทย http:// hilight.kapook.com/view/184318 #เลือกตั้ง62 #เลือกตั้ง2562 #ข่าววันนี้ #kapook";;;#รวมพล #เล #เล #ข #kapook;"1098887224576233472";https://twitter.com/kapookdotcom/status/1098887224576233472
;2019-02-22 16:39;0;0;"#เลือกตั้ง62 #อนาคตใหม่ #ประชาธิปัตย์ #รวมพลังประชาชาติไทย #เสรีรวมไทย อ่ะ แท็กไว้ก่อนเลย วันนี้ผมขอพูดในฐานะประชาชนที่อยู่ในตัวเมืองสุราษฎร์ฯ (สฎ.เขต 1) มาตั้งแต่เกิด จนถึงปัจจุบัน รวม 16 ปี ที่ผมเจอปัญหามา แต่ก็แก้ไม่ได้ หรือแก้ได้ แต่ไม่สะดวก มีดังนี้ครับ (1)";;;#เล #อนาคตใหม #ประชาธ #รวมพล #เสร;"1098879852826877952";https://twitter.com/airaimairoo/status/1098879852826877952
;2019-02-22 15:39;0;1;"แห่แชร์ภาพผู้สมัคร ส.ส.ดอนเมือง ผมสั้นน่ารัก หนุ่ม ๆ ถึงกับลั่น แทบอยากย้ายบ้าน ! http:// hilight.kapook.com/view/184312 #เลือกตั้ง62 #เลือกตั้ง2562 #รวมพลังประชาชาติไทย #ปอมมี่ #กัญญาภัคปัญญวัต #ข่าววันนี้ #ข่าวการเมือง #kapook";;;#เล #เล #รวมพล #ปอมม #ก #ข #ข #kapook;"1098864907619987456";https://twitter.com/kapookdotcom/status/1098864907619987456
;2019-02-22 15:10;10;3;"#ประชาชนปฏิรูป #เสรีรวมไทย #รวมพลังประชาชาติไทย #เลือกตั้ง62 #เลือกตั้ง2562 #kapook pic.twitter.com/6UaPncPhPv";;;#ประชาชนปฏ #เสร #รวมพล #เล #เล #kapook;"1098857667701878784";https://twitter.com/kapookdotcom/status/1098857667701878784
;2019-02-22 13:40;0;1;"มาอีกแล้ว! ส.ส. สาวสวย เห็นแล้วใจละลาย "ปอมมี่ กัญญาภัค" สาวผมสั้น ตัวเล็ก น่ารัก ยิ้มหวาน แล้วคุณจะหลงรักเธอคนนี้ #ปอมมี่ #ปอมมี่กัญญาภัค #รวมพลังประชาชาติไทย #การเมือง #เลือกตั้ง2562 #ไบรท์ทีวีช่อง20 #Brighttv20 https://www. brighttv.co.th/net-idol/350730";;;#ปอมม #ปอมม #รวมพล #การเม #เล #ไบรท #Brighttv20;"1098834886243151873";https://twitter.com/BrightTV20/status/1098834886243151873
;2019-02-22 10:55;439;135;"แจกลิงค์ ปักหมุดรอ ชมสด #ไทยรัฐดีเบต 18.00 น. 22ก.พ. #ไทยรัฐเลือกตั้ง62 เวทีดีเบต ครั้งที่ 2 ใครตีฐานเสียงภาคเหนือได้สำเร็จ? คลิก >> https://www. facebook.com/thairathtv/vid eos/379804279498912 … #ประชาธิปัตย์ #เพื่อชาติ #เพื่อไทย #อนาคตใหม่ #เสรีรวมไทย #รวมพลังประชาชาติไทย #พลังประชารัฐ #เลือกตั้ง62 #Savethanatorn pic.twitter.com/jzptFxFzfi";;;#ไทยร #ไทยร #ประชาธ #เพ #เพ #อนาคตใหม #เสร #รวมพล #พล #เล #Savethanatorn;"1098793272695173121";https://twitter.com/Thairath_News/status/1098793272695173121
;2019-02-22 10:50;40;27;"อย่าลืม! เย็นนี้เรามีนัดกัน #ไทยรัฐดีเบต #ไทยรัฐเลือกตั้ง62 ใครจะตีฐานเสียงภาคเหนือสำเร็จ? #ประชาธิปัตย์ #เพื่อไทย #เพื่อชาติ #พลังประชารัฐ #รวมพลังประชาชาติไทย #เสรีรวมไทย #อนาคตใหม่ สด 18.00 น. ไทยรัฐทีวี ช่อง 32 FB LIVE #ไทยรัฐ - #ไทยรัฐทีวี #เลือกตั้ง62 #Savethanatorn pic.twitter.com/C40GSGMB4N";;;#ไทยร #ไทยร #ประชาธ #เพ #เพ #พล #รวมพล #เสร #อนาคตใหม #ไทยร #ไทยร #เล #Savethanatorn;"1098792192011694080";https://twitter.com/Thairath_News/status/1098792192011694080
;2019-02-21 21:21;1;0;"พรรคนี้คือ...ทำไมชอบปิดทับป้ายรถเมล์ #รวมพลังประชาชาติไทย pic.twitter.com/NsqQwkEXro";;;#รวมพล;"1098588591758790657";https://twitter.com/Yeolmint/status/1098588591758790657
;2019-02-21 20:48;48;32;"ในระหว่างที่ #Savethanatorn ฟ้าอย่าลืม พรุ่งนี้มีดีเบต จอมขวัญไปรอแล้วที่เชียงใหม่ ถ่ายทอดสด 22 ก.พ. เวลา 18.00 น. #ไทยรัฐเลือกตั้ง62 ใครตีฐานเสียงภาคเหนือสำเร็จ? #ประชาธิปัตย์ #เพื่อไทย #เพื่อชาติ #พลังประชารัฐ #รวมพลังประชาชาติไทย #เสรีรวมไทย #อนาคตใหม่ pic.twitter.com/XqWRyLeUMY";;;#Savethanatorn #ไทยร #ประชาธ #เพ #เพ #พล #รวมพล #เสร #อนาคตใหม;"1098580097957691393";https://twitter.com/Thairath_News/status/1098580097957691393
;2019-02-21 20:28;52;39;"พรุ่งนี้ #จอมขวัญ บุกเชียงใหม่ ตัวพ่อจาก 7 พรรค จะขึ้นเวที #ไทยรัฐดีเบต #ไทยรัฐเลือกตั้ง62 ใครตีฐานเสียงภาคเหนือสำเร็จ? #ประชาธิปัตย์ #เพื่อไทย #เพื่อชาติ #พลังประชารัฐ #รวมพลังประชาชาติไทย #เสรีรวมไทย #อนาคตใหม่ ถ่ายทอดสด ไทยรัฐทีวี ช่อง 32 FB LIVE #ไทยรัฐ - #ไทยรัฐทีวี pic.twitter.com/f8Cy4PSRPN";;;#จอมขว #ไทยร #ไทยร #ประชาธ #เพ #เพ #พล #รวมพล #เสร #อนาคตใหม #ไทยร #ไทยร;"1098575288789721088";https://twitter.com/Thairath_News/status/1098575288789721088
;2019-02-21 18:11;1;0;"งานวันเน้~~~~ #เลือกตั้ง62 #เลือกตั้ง2562 #อนาคตใหม่ #ประชาธิปัตย์ #ภูมิใจไทย #เพื่อไทย #รวมพลังประชาชาติไทย #wewatch @Wewatch6 https:// twitter.com/bkksnow/status /1098535753234038784 …";;@Wewatch6;#เล #เล #อนาคตใหม #ประชาธ #ภ #เพ #รวมพล #wewatch;"1098540646757875712";https://twitter.com/lem_capitain/status/1098540646757875712
;2019-02-20 19:44;0;0;""ทุกครั้งที่กันทหารออก เขาก็จะพยานามเข้ามา ทำไมเราไม่ทำให้เขาเข้ามาเลยล่ะครับ บางทีเขาอาจจะไม่ปฏิวัติก็ได้" - เขตรัฐ #รวมพลังประชาชาติไทย ... แดกจุด นี่มืงคิดซักนิดก่อนพูดยัง ละจะ #เลือกตั้ง62 ทำควยไร";;;#รวมพล #เล;"1098201707807272960";https://twitter.com/bkparque/status/1098201707807272960
;2019-02-20 19:40;0;1;"คุณเขตรัฐ #รวมพลังประชาชาติไทย เปิดปากมาแต่ละคำใน #ถามตรงๆ คือดูโง่มาก ไม่ฟังด้วย เชี่ย สงสารคนแบบนี้อะ อายแทน พอๆกับที่กุสงสารหลานไพบูลย์อะ 55555 #เลือกตั้ง62 แม่งเป็นโฆษกด้วยนะ สมเพช 55555";;;#รวมพล #ถามตรงๆ #เล;"1098200740055535616";https://twitter.com/bkparque/status/1098200740055535616
;2019-02-20 12:07;0;3;"ลิงค์สำหรับคนที่สนใจจ้า ลงทะเบียนเข้าร่วมงานที่ลิ้งค์ด้านล่าง https:// docs.google.com/forms/d/1e0oGP PPErtFOiOqdDzt7Y61FV1n5fu8zVDzigP7cY-w … #เสวนาการเลือกตั้ง #อนาคตใหม่ #รวมพลังประชาชาติไทย #ประชาธิปัตย์ #เพื่อไทย #ภูมิใจไทย";;;#เสวนาการเล #อนาคตใหม #รวมพล #ประชาธ #เพ #ภ;"1098086698645221376";https://twitter.com/Kathyqqqz/status/1098086698645221376
;2019-02-20 10:09;2;5;"เทปนี้ #ถามตรงๆกับจอมขวัญ สนุกค่ะคูันนน เขตรัฐตายแล้วตายอีก มาเพื่อตายทุกคำถามค่ะ #rip #รวมพลังประชาชาติไทย";;;#ถามตรงๆก #rip #รวมพล;"1098057102558261248";https://twitter.com/CcGreentea/status/1098057102558261248
;2019-02-20 09:45;1;1;"เขตรัฐ…พ่อยังไง ลูกก็อย่างนั้น แถไปแถมา แถแล้วเสียท่าแม่ช่อเข้าอีก #รวมพลังประชาชาติไทย #อนาคตใหม่ #เลือกตั้ง62 ตัดงบทหาร ปฏิรูปกองทัพ? | ถามตรงๆกับจอมขวัญ | 19 ก.พ.62 https:// youtu.be/9gdsGkXpPwg";;;#รวมพล #อนาคตใหม #เล;"1098051036722356224";https://twitter.com/patchtrin/status/1098051036722356224
;2019-02-20 02:56;19;8;"เพิ่งได้ดู #ถามตรงๆ ถกเรื่องตัดงบทหาร มี เขตรัฐโฆษก #รวมพลังประชาชาติไทย กับ คุณช่อโฆษก #อนาคตใหม่ มาดีเบตกัน เขตรัฐเตรียมตัวมาน้อย ข้อมูลไม่แน่น แล้วก็ยังเชิดชูการปฏิวัติ/รัฐประหารแบบกลายๆ ยกอดีตช่วงพลเอกเปรมประชาธิปไตยครึ่งใบเป็นช่วงที่ประเทศเฟื่องฟู https:// youtu.be/9gdsGkXpPwg";;;#ถามตรงๆ #รวมพล #อนาคตใหม;"1097948052302614528";https://twitter.com/kangg/status/1097948052302614528
;2019-02-20 02:33;0;2;"อยากดิสเครดิต #รวมพลังประชาชาติไทย ทำไง? ตอบ : ปล่อยเขตรัฐพูดเยอะๆ สไตล์การพูดนางคล้ายอาจารย์ไพบูลย์มาก คือจะงงๆหน่อย";;;#รวมพล;"1097942275282223104";https://twitter.com/ReyloFans/status/1097942275282223104
;2019-02-20 02:01;6;3;"เขตรัฐนี่ปาร์ตี้ลิสต์อันดับ 3 ของพรรคนะจ๊ะ นี่งงมากว่าตอน กปปส.ลุงกำนันคนรักเว่อๆ ทำไมตั้งพรรคเองแล้วไม่มีคนเก่งกว่านี้ดังกว่านี้มาสมัคร #ถามตรงๆ #อนาคตใหม่ #รวมพลังประชาชาติไทย";;;#ถามตรงๆ #อนาคตใหม #รวมพล;"1097934298785566720";https://twitter.com/Pinny45/status/1097934298785566720
;2019-02-20 00:37;4;2;"How to ดิสเครดิต #รวมพลังประชาชาติไทย ปล่อยเขตรัฐพูดเยอะๆ #ถามตรงๆ วันนี้เขตรัฐพังมาก";;;#รวมพล #ถามตรงๆ;"1097912962730274817";https://twitter.com/ReyloFans/status/1097912962730274817
;2019-02-20 00:18;0;2;""ขวาพิฆาต" V "ซ้ายอมตะ" วิวาทะ #เลือกตั้ง62 https://www. voicetv.co.th/read/gBQaoHB_Q https://www. thaipost.net/main/detail/29 443 … #ไทยรักษาชาติ #เพื่อไทย #รวมพลังประชาชาติไทย #อนาคตใหม่ pic.twitter.com/caeQ5NK2PL";;;#เล #ไทยร #เพ #รวมพล #อนาคตใหม;"1097908399885344769";https://twitter.com/veeaum/status/1097908399885344769
;2019-02-19 23:47;17;13;"อนาคตใหม่​ vs รปช วันนี้ คนละเลเวล ระดับแม่จะส่ง creep มาไม่ได้​ #อนาคตใหม่ ​ #ไทยรัฐดีเบต #รวมพลังประชาชาติไทย pic.twitter.com/fFtB6YVKUT";;;#อนาคตใหม #ไทยร #รวมพล;"1097900379776270336";https://twitter.com/6r1gzp9shMox4KB/status/1097900379776270336
;2019-02-19 23:19;5;5;"#เลือกตั้ง62 ฉันเพิ่งรู้ว่าเค้าโง่มากขนาดนี้ ยิ่งพูดก็ยิ่งดูโง่ พรรค #รวมพลังประชาชาติไทย pic.twitter.com/NnhTZDZJZU";;;#เล #รวมพล;"1097893561452789760";https://twitter.com/Gloden_Fleece_J/status/1097893561452789760
;2019-02-19 20:37;0;0;"#รวมพลังประชาชาติไทย pic.twitter.com/agWiIsbow8";;;#รวมพล;"1097852780197249024";https://twitter.com/khunkaona/status/1097852780197249024
;2019-02-19 09:52;51;21;"เสวนา เวที ฬ.จุฬาฯ นิติมิติ "นโยบายภาษีอากรเพื่อการพัฒนาประเทศ" #เลือกตั้ง62 โดย ผู้แทนจากพรรคการเมือง #ไทยรักษาชาติ #ไทยศรีวิไลย์ #ประชาชาติ #ประชาธิปัตย์ #พลังประชารัฐ #เพื่อไทย #ภูมิใจไทย #รวมพลังประชาชาติไทย #เสรีรวมไทย #อนาคตใหม่ 27 ก.พ. 8.30-12.30 น. ณ คณะนิติฯ จุฬาฯ pic.twitter.com/eYdkjhTwKL";;;#เล #ไทยร #ไทยศร #ประชาชาต #ประชาธ #พล #เพ #ภ #รวมพล #เสร #อนาคตใหม;"1097690258198585344";https://twitter.com/rapee_cu/status/1097690258198585344
;2019-02-19 08:46;0;6;"เข้าใจว่า #อนาคตใหม่ เป็นพรรคที่ระหว่างนั่งรถเมล์แล้วเราเจอป้ายหาเสียงของพรรรคนี้น้อยมากนะ เมื่อเทียบกับพรรคอื่นๆ อย่าง #รวมพลังประชาชาติไทย #พลังประชารัฐ #เพื่อไทย #เสรีรวมไทย #ประชานิยม #ประชาธิปัตย์ pic.twitter.com/5i671trngj";;;#อนาคตใหม #รวมพล #พล #เพ #เสร #ประชาน #ประชาธ;"1097673645869064192";https://twitter.com/_krixi_/status/1097673645869064192
;2019-02-18 21:12;1;0;"#รวมพลังประชาชาติไทย เปิดเวที #ปราศรัยครั้งแรก มุ่งมั่นปฏิรูปประเทศและแก้ปัญหาเศรษฐกิจชาวบ้าน ย้ำ! ไม่ร่วมกับรัฐบาลพรรคในระบอบ #ทักษิณ และบริวาร #สยามพับลิค #สำนักข่าวไทย http:// siampublic.com/nation/act-par ty-suthep-election-taksin/ …";;;#รวมพล #ปราศร #ท #สยามพ #สำน;"1097499185719451651";https://twitter.com/SiampublicCom/status/1097499185719451651
;2019-02-18 17:31;0;1;"1. ไม่คูล 2. ดูไร้รสนิยม 3. หน้ามืงไม่ได้ กลับบ้านมืงเหอะ วงวารตระกูล #รวมพลังประชาชาติไทย pic.twitter.com/JHuwcYq0al";;;#รวมพล;"1097443477644730369";https://twitter.com/bkparque/status/1097443477644730369
;2019-02-18 10:45;24;40;"คุณหญิงสุดารัตน์ เกยุราพันธุ์ จี้สื่อมวลชนตั้งคำถามกับนายกรัฐมนตรี กรณีลงพื้นที่ตรวจราชการตลาดนัดจตุจักรเมื่อวานนี้ เป็นการเอาเปรียบทางการเมืองหรือไม่ #ไทยรัฐเลือกตั้ง62 #เลือกตั้ง62 #พลังประชารัฐ #เพื่อไทย #รวมพลังประชาชาติไทย pic.twitter.com/6JiV83mLK6";;;#ไทยร #เล #พล #เพ #รวมพล;"1097341313802895360";https://twitter.com/Thairath_News/status/1097341313802895360
;2019-02-18 10:14;0;0;"ส่วนตัวจากศิษย์รั้วเดียวกัน รู้สึกอายมากที่อ.ที่ใครต่อใครหลายคนเคารพรัก อ.ที่สร้างความอินในปชต.ให้กับนศ.ผ่านตัวอักษรในหนังสือของท่าน ได้เกิดความเลอะเลือนไปถึงขนาดนี้ หยุดเถอะค่ะอาจารย์ กลับมาเล่นการเมืองที่สร้างสรรค์กันเถอะ อ.เอนก เหล่าธรรมทัศน์ #รวมพลังประชาชาติไทย";;;#รวมพล;"1097333541766029315";https://twitter.com/QVKPysnnvStFBQv/status/1097333541766029315
;2019-02-18 09:35;1;1;"ไม่มี กปปส. ในวันนั้นไม่มี รปช. ในวันนี้ #รวมพลังประชาชาติไทย #พรรครวมพลังประชาชาติไทย #เลือกตั้ง #เลือกตั้ง2562 #เลือกตั้ง #ข่าวช่อง8 #ไทยรัฐทีวี #เลือกตั้งปี2562 #ข่าวจริง #ข่าวค่ํามิติใหม่ทั่วไทย #ข่าวpnc #ไทยรัฐดีเบต #ไทยรัฐ #ข่าวจริงเช็กแล้ว http://www. topicza.com/news87614.html ?d=18022019&f=71968 …";;;#รวมพล #พรรครวมพล #เล #เล #เล #ข #ไทยร #เล #ข #ข #ข #ไทยร #ไทยร #ข;"1097323773152247808";https://twitter.com/tomme2030/status/1097323773152247808
;2019-02-18 08:32;2;1;""สุเทพ" ตั้งเป้า เก็บส.ส.50 ที่นั่ง ต้านระบอบทักษิณ https://www. pptvhd36.com/news/98557 #PPTVHD36 #PPTVNews #เลือกตั้ง62 #สุเทพเทือกสุบรรณ #การเมือง #รวมพลังประชาชาติไทย";;;#PPTVHD36 #PPTVNews #เล #ส #การเม #รวมพล;"1097307724021260288";https://twitter.com/PPTVHD36/status/1097307724021260288